{
  "type": 0,
  "width": 2592,
  "height": 1944,
  "fx": 45806.75265767555,
  "fy": 26575.540607294824,
  "cx": 1216.2936096214962,
  "cy": 673.8147725413594,
  "D": "[107.04764981658192, -3009.7686442490094, -3.2769592655119495, -0.4770067665479376, 2.030952883161453]",
  "fps": 30,
  "bf": 0.0,
  "b": 0.0,
  "depth_factor": 1.0,
  "depth_threshold": 0.0,
  "is_distorted": false,
  "u_min": 0.0,
  "u_max": 2592,
  "v_min": 0.0,
  "v_max": 1944,
  "initialized": true
}